TRAIN,/content/pool/images/00132.png,pool,0.416015625,0.412109375,0.583984375,0.5390625,,,,,,,,,,,,,,,,,,,,,,,,,,,,,,,,,,,,,,
TRAIN,/content/pool/images/00126.png,pool,0.376953125,0.380859375,0.609375,0.560546875,,,0.638671875,0.21875,0.779296875,0.404296875,,,,,,,,,,,,,,,,,,,,,,,,,,,,,,,,
TRAIN,/content/pool/images/00293.png,pool,0.478515625,0.36328125,0.646484375,0.513671875,,,0.599609375,0.00390625,0.775390625,0.107421875,,,0.875,0.80859375,0.982421875,0.927734375,,,,,,,,,,,,,,,,,,,,,,,,,,
TRAIN,/content/pool/images/00278.png,pool,0.400390625,0.396484375,0.578125,0.544921875,,,,,,,,,,,,,,,,,,,,,,,,,,,,,,,,,,,,,,
TRAIN,/content/pool/images/00244.png,pool,0.43359375,0.37109375,0.55078125,0.56640625,,,0.94140625,0.791015625,1.0,0.908203125,,,,,,,,,,,,,,,,,,,,,,,,,,,,,,,,
TRAIN,/content/pool/images/00250.png,pool,0.482421875,0.259765625,0.59375,0.396484375,,,0.427734375,0.439453125,0.572265625,0.560546875,,,0.923828125,0.2109375,1.0,0.322265625,,,0.9296875,0.005859375,1.0,0.130859375,,,,,,,,,,,,,,,,,,,,
TRAIN,/content/pool/images/00085.png,pool,0.470703125,0.404296875,0.5546875,0.54296875,,,0.51171875,0.162109375,0.607421875,0.31640625,,,0.42578125,0.923828125,0.560546875,1.0,,,,,,,,,,,,,,,,,,,,,,,,,,
TRAIN,/content/pool/images/00091.png,pool,0.3671875,0.470703125,0.5234375,0.6015625,,,,,,,,,,,,,,,,,,,,,,,,,,,,,,,,,,,,,,
TRAIN,/content/pool/images/00046.png,pool,0.173828125,0.623046875,0.294921875,0.732421875,,,0.439453125,0.4296875,0.544921875,0.5234375,,,0.75390625,0.58203125,0.857421875,0.69921875,,,0.267578125,0.962890625,0.341796875,1.0,,,0.07421875,0.001953125,0.16796875,0.060546875,,,,,,,,,,,,,,
TRAIN,/content/pool/images/00052.png,pool,0.205078125,0.005859375,0.314453125,0.10546875,,,0.4140625,0.3828125,0.5234375,0.5546875,,,,,,,,,,,,,,,,,,,,,,,,,,,,,,,,
TRAIN,/content/pool/images/00053.png,pool,0.447265625,0.23046875,0.615234375,0.505859375,,,,,,,,,,,,,,,,,,,,,,,,,,,,,,,,,,,,,,
TRAIN,/content/pool/images/00047.png,pool,0.431640625,0.431640625,0.548828125,0.515625,,,0.654296875,0.9609375,0.728515625,1.0,,,,,,,,,,,,,,,,,,,,,,,,,,,,,,,,
TRAIN,/content/pool/images/00245.png,pool,0.271484375,0.25390625,0.32421875,0.30078125,,,0.435546875,0.404296875,0.5625,0.537109375,,,,,,,,,,,,,,,,,,,,,,,,,,,,,,,,
TRAIN,/content/pool/images/00279.png,pool,0.001953125,0.61328125,0.109375,0.794921875,,,0.421875,0.40625,0.58984375,0.56640625,,,0.833984375,0.705078125,0.986328125,0.87890625,,,0.427734375,0.001953125,0.69140625,0.166015625,,,,,,,,,,,,,,,,,,,,
TRAIN,/content/pool/images/00292.png,pool,0.41015625,0.357421875,0.6015625,0.58203125,,,0.66796875,0.005859375,0.8046875,0.068359375,,,,,,,,,,,,,,,,,,,,,,,,,,,,,,,,
TRAIN,/content/pool/images/00127.png,pool,0.533203125,0.337890625,0.6875,0.51171875,,,,,,,,,,,,,,,,,,,,,,,,,,,,,,,,,,,,,,
TRAIN,/content/pool/images/00133.png,pool,0.38671875,0.396484375,0.609375,0.546875,,,0.12109375,0.005859375,0.30078125,0.15234375,,,,,,,,,,,,,,,,,,,,,,,,,,,,,,,,
TRAIN,/content/pool/images/00119.png,pool,0.40234375,0.41015625,0.583984375,0.54296875,,,0.4921875,0.779296875,0.62109375,0.927734375,,,,,,,,,,,,,,,,,,,,,,,,,,,,,,,,
TRAIN,/content/pool/images/00125.png,pool,0.392578125,0.357421875,0.685546875,0.572265625,,,,,,,,,,,,,,,,,,,,,,,,,,,,,,,,,,,,,,
TRAIN,/content/pool/images/00290.png,pool,0.349609375,0.267578125,0.490234375,0.4375,,,,,,,,,,,,,,,,,,,,,,,,,,,,,,,,,,,,,,
TRAIN,/content/pool/images/00253.png,pool,0.001953125,0.65234375,0.060546875,0.73828125,,,0.021484375,0.751953125,0.1640625,0.845703125,,,0.4375,0.419921875,0.5390625,0.5390625,,,0.705078125,0.345703125,0.787109375,0.42578125,,,,,,,,,,,,,,,,,,,,
TRAIN,/content/pool/images/00247.png,pool,0.40625,0.400390625,0.591796875,0.53515625,,,0.783203125,0.162109375,0.86328125,0.236328125,,,,,,,,,,,,,,,,,,,,,,,,,,,,,,,,
TRAIN,/content/pool/images/00092.png,pool,0.40625,0.359375,0.583984375,0.595703125,,,,,,,,,,,,,,,,,,,,,,,,,,,,,,,,,,,,,,
TRAIN,/content/pool/images/00086.png,pool,0.43359375,0.376953125,0.56640625,0.587890625,,,0.18359375,0.681640625,0.375,0.765625,,,,,,,,,,,,,,,,,,,,,,,,,,,,,,,,
TRAIN,/content/pool/images/00079.png,pool,0.451171875,0.400390625,0.59765625,0.546875,,,0.138671875,0.00390625,0.275390625,0.107421875,,,,,,,,,,,,,,,,,,,,,,,,,,,,,,,,
TRAIN,/content/pool/images/00051.png,pool,0.34375,0.37890625,0.634765625,0.5390625,,,0.919921875,0.046875,1.0,0.201171875,,,,,,,,,,,,,,,,,,,,,,,,,,,,,,,,
TRAIN,/content/pool/images/00044.png,pool,0.455078125,0.390625,0.583984375,0.556640625,,,,,,,,,,,,,,,,,,,,,,,,,,,,,,,,,,,,,,
TRAIN,/content/pool/images/00093.png,pool,0.439453125,0.40625,0.56640625,0.533203125,,,,,,,,,,,,,,,,,,,,,,,,,,,,,,,,,,,,,,
TRAIN,/content/pool/images/00246.png,pool,0.375,0.41015625,0.623046875,0.53515625,,,,,,,,,,,,,,,,,,,,,,,,,,,,,,,,,,,,,,
TRAIN,/content/pool/images/00252.png,pool,0.001953125,0.291015625,0.162109375,0.484375,,,0.40625,0.390625,0.58984375,0.552734375,,,0.8203125,0.908203125,0.998046875,1.0,,,,,,,,,,,,,,,,,,,,,,,,,,
TRAIN,/content/pool/images/00285.png,pool,0.39453125,0.37890625,0.62109375,0.5625,,,0.12109375,0.00390625,0.359375,0.146484375,,,,,,,,,,,,,,,,,,,,,,,,,,,,,,,,
TRAIN,/content/pool/images/00291.png,pool,0.380859375,0.365234375,0.5703125,0.533203125,,,0.5390625,0.203125,0.712890625,0.3203125,,,0.35546875,0.005859375,0.47265625,0.158203125,,,,,,,,,,,,,,,,,,,,,,,,,,
TRAIN,/content/pool/images/00130.png,pool,0.40625,0.41015625,0.564453125,0.509765625,,,0.27734375,0.77734375,0.376953125,0.96875,,,0.705078125,0.85546875,0.802734375,0.998046875,,,0.896484375,0.50390625,1.0,0.625,,,,,,,,,,,,,,,,,,,,
TRAIN,/content/pool/images/00118.png,pool,0.416015625,0.392578125,0.58984375,0.541015625,,,,,,,,,,,,,,,,,,,,,,,,,,,,,,,,,,,,,,
TRAIN,/content/pool/images/00134.png,pool,0.427734375,0.373046875,0.56640625,0.57421875,,,0.150390625,0.703125,0.333984375,0.875,,,,,,,,,,,,,,,,,,,,,,,,,,,,,,,,
TRAIN,/content/pool/images/00108.png,pool,0.435546875,0.419921875,0.55078125,0.53515625,,,0.001953125,0.83984375,0.119140625,0.935546875,,,0.650390625,0.296875,0.84765625,0.49609375,,,,,,,,,,,,,,,,,,,,,,,,,,
TRAIN,/content/pool/images/00295.png,pool,0.455078125,0.392578125,0.55859375,0.541015625,,,,,,,,,,,,,,,,,,,,,,,,,,,,,,,,,,,,,,
TRAIN,/content/pool/images/00281.png,pool,0.419921875,0.4140625,0.60546875,0.533203125,,,0.005859375,0.759765625,0.203125,0.865234375,,,0.201171875,0.001953125,0.365234375,0.107421875,,,,,,,,,,,,,,,,,,,,,,,,,,
TRAIN,/content/pool/images/00242.png,pool,0.447265625,0.435546875,0.552734375,0.501953125,,,,,,,,,,,,,,,,,,,,,,,,,,,,,,,,,,,,,,
TRAIN,/content/pool/images/00040.png,pool,0.05078125,0.36328125,0.103515625,0.44140625,,,0.435546875,0.451171875,0.55078125,0.515625,,,,,,,,,,,,,,,,,,,,,,,,,,,,,,,,
TRAIN,/content/pool/images/00041.png,pool,0.412109375,0.365234375,0.578125,0.5859375,,,,,,,,,,,,,,,,,,,,,,,,,,,,,,,,,,,,,,
TRAIN,/content/pool/images/00082.png,pool,0.39453125,0.390625,0.626953125,0.505859375,,,,,,,,,,,,,,,,,,,,,,,,,,,,,,,,,,,,,,
TRAIN,/content/pool/images/00096.png,pool,0.451171875,0.412109375,0.5390625,0.541015625,,,,,,,,,,,,,,,,,,,,,,,,,,,,,,,,,,,,,,
TRAIN,/content/pool/images/00257.png,pool,0.470703125,0.435546875,0.578125,0.611328125,,,,,,,,,,,,,,,,,,,,,,,,,,,,,,,,,,,,,,
TRAIN,/content/pool/images/00280.png,pool,0.427734375,0.38671875,0.572265625,0.560546875,,,,,,,,,,,,,,,,,,,,,,,,,,,,,,,,,,,,,,
TRAIN,/content/pool/images/00294.png,pool,0.435546875,0.416015625,0.62109375,0.625,,,,,,,,,,,,,,,,,,,,,,,,,,,,,,,,,,,,,,
TRAIN,/content/pool/images/00137.png,pool,0.033203125,0.21484375,0.244140625,0.3671875,,,0.291015625,0.06640625,0.431640625,0.2421875,,,0.427734375,0.400390625,0.568359375,0.55859375,,,,,,,,,,,,,,,,,,,,,,,,,,
TRAIN,/content/pool/images/00241.png,pool,0.392578125,0.412109375,0.583984375,0.57421875,,,,,,,,,,,,,,,,,,,,,,,,,,,,,,,,,,,,,,
TRAIN,/content/pool/images/00255.png,pool,0.576171875,0.001953125,0.669921875,0.080078125,,,,,,,,,,,,,,,,,,,,,,,,,,,,,,,,,,,,,,
TRAIN,/content/pool/images/00269.png,pool,0.380859375,0.396484375,0.626953125,0.55078125,,,,,,,,,,,,,,,,,,,,,,,,,,,,,,,,,,,,,,
TRAIN,/content/pool/images/00080.png,pool,0.412109375,0.384765625,0.591796875,0.568359375,,,,,,,,,,,,,,,,,,,,,,,,,,,,,,,,,,,,,,
TRAIN,/content/pool/images/00094.png,pool,0.47265625,0.400390625,0.63671875,0.59375,,,,,,,,,,,,,,,,,,,,,,,,,,,,,,,,,,,,,,
TRAIN,/content/pool/images/00057.png,pool,0.412109375,0.42578125,0.572265625,0.529296875,,,0.384765625,0.8203125,0.521484375,0.998046875,,,,,,,,,,,,,,,,,,,,,,,,,,,,,,,,
TRAIN,/content/pool/images/00056.png,pool,0.423828125,0.380859375,0.578125,0.560546875,,,0.708984375,0.474609375,0.82421875,0.607421875,,,,,,,,,,,,,,,,,,,,,,,,,,,,,,,,
TRAIN,/content/pool/images/00042.png,pool,0.458984375,0.41796875,0.53125,0.533203125,,,,,,,,,,,,,,,,,,,,,,,,,,,,,,,,,,,,,,
TRAIN,/content/pool/images/00095.png,pool,0.453125,0.416015625,0.583984375,0.54296875,,,,,,,,,,,,,,,,,,,,,,,,,,,,,,,,,,,,,,
TRAIN,/content/pool/images/00268.png,pool,0.177734375,0.318359375,0.263671875,0.3671875,,,0.435546875,0.39453125,0.556640625,0.56640625,,,0.576171875,0.005859375,0.69921875,0.09765625,,,0.91015625,0.044921875,1.0,0.14453125,,,,,,,,,,,,,,,,,,,,
TRAIN,/content/pool/images/00254.png,pool,0.400390625,0.39453125,0.599609375,0.556640625,,,0.8125,0.748046875,0.986328125,0.896484375,,,,,,,,,,,,,,,,,,,,,,,,,,,,,,,,
TRAIN,/content/pool/images/00297.png,pool,0.4453125,0.41015625,0.552734375,0.53515625,,,,,,,,,,,,,,,,,,,,,,,,,,,,,,,,,,,,,,
TRAIN,/content/pool/images/00283.png,pool,0.453125,0.423828125,0.55078125,0.5234375,,,0.86328125,0.6328125,1.0,0.828125,,,0.345703125,0.140625,0.4140625,0.208984375,,,,,,,,,,,,,,,,,,,,,,,,,,
TRAIN,/content/pool/images/00122.png,pool,0.07421875,0.23046875,0.220703125,0.326171875,,,0.439453125,0.388671875,0.56640625,0.556640625,,,,,,,,,,,,,,,,,,,,,,,,,,,,,,,,
TRAIN,/content/pool/images/00136.png,pool,0.46875,0.400390625,0.5625,0.552734375,,,,,,,,,,,,,,,,,,,,,,,,,,,,,,,,,,,,,,
TRAIN,/content/pool/images/00192.png,pool,0.296875,0.23046875,0.431640625,0.419921875,,,0.490234375,0.00390625,0.603515625,0.068359375,,,,,,,,,,,,,,,,,,,,,,,,,,,,,,,,
TRAIN,/content/pool/images/00179.png,pool,0.46484375,0.37890625,0.564453125,0.552734375,,,,,,,,,,,,,,,,,,,,,,,,,,,,,,,,,,,,,,
TRAIN,/content/pool/images/00151.png,pool,0.390625,0.375,0.603515625,0.572265625,,,,,,,,,,,,,,,,,,,,,,,,,,,,,,,,,,,,,,
TRAIN,/content/pool/images/00145.png,pool,0.4296875,0.41015625,0.556640625,0.505859375,,,,,,,,,,,,,,,,,,,,,,,,,,,,,,,,,,,,,,
TRAIN,/content/pool/images/00019.png,pool,0.43359375,0.416015625,0.57421875,0.52734375,,,0.673828125,0.66015625,0.884765625,0.84765625,,,0.916015625,0.00390625,0.98828125,0.072265625,,,,,,,,,,,,,,,,,,,,,,,,,,
TRAIN,/content/pool/images/00025.png,pool,0.419921875,0.408203125,0.5625,0.5234375,,,0.50390625,0.5859375,0.658203125,0.76171875,,,0.83203125,0.017578125,0.97265625,0.103515625,,,,,,,,,,,,,,,,,,,,,,,,,,
TRAIN,/content/pool/images/00031.png,pool,0.419921875,0.380859375,0.591796875,0.556640625,,,,,,,,,,,,,,,,,,,,,,,,,,,,,,,,,,,,,,
TRAIN,/content/pool/images/00024.png,pool,0.400390625,0.34765625,0.58203125,0.5703125,,,0.591796875,0.5859375,0.744140625,0.794921875,,,,,,,,,,,,,,,,,,,,,,,,,,,,,,,,
TRAIN,/content/pool/images/00018.png,pool,0.447265625,0.41796875,0.572265625,0.572265625,,,,,,,,,,,,,,,,,,,,,,,,,,,,,,,,,,,,,,
TRAIN,/content/pool/images/00226.png,pool,0.548828125,0.34765625,0.673828125,0.5625,,,,,,,,,,,,,,,,,,,,,,,,,,,,,,,,,,,,,,
TRAIN,/content/pool/images/00144.png,pool,0.400390625,0.38671875,0.587890625,0.552734375,,,,,,,,,,,,,,,,,,,,,,,,,,,,,,,,,,,,,,
TRAIN,/content/pool/images/00178.png,pool,0.427734375,0.41796875,0.59765625,0.529296875,,,,,,,,,,,,,,,,,,,,,,,,,,,,,,,,,,,,,,
TRAIN,/content/pool/images/00185.png,pool,0.455078125,0.369140625,0.55078125,0.56640625,,,0.673828125,0.36328125,0.767578125,0.546875,,,,,,,,,,,,,,,,,,,,,,,,,,,,,,,,
TRAIN,/content/pool/images/00152.png,pool,0.412109375,0.482421875,0.599609375,0.654296875,,,,,,,,,,,,,,,,,,,,,,,,,,,,,,,,,,,,,,
TRAIN,/content/pool/images/00224.png,pool,0.431640625,0.388671875,0.5859375,0.56640625,,,,,,,,,,,,,,,,,,,,,,,,,,,,,,,,,,,,,,
TRAIN,/content/pool/images/00032.png,pool,0.4140625,0.392578125,0.58984375,0.560546875,,,,,,,,,,,,,,,,,,,,,,,,,,,,,,,,,,,,,,
TRAIN,/content/pool/images/00026.png,pool,0.40625,0.419921875,0.556640625,0.5234375,,,0.65625,0.251953125,0.798828125,0.341796875,,,,,,,,,,,,,,,,,,,,,,,,,,,,,,,,
TRAIN,/content/pool/images/00033.png,pool,0.39453125,0.392578125,0.615234375,0.546875,,,,,,,,,,,,,,,,,,,,,,,,,,,,,,,,,,,,,,
TRAIN,/content/pool/images/00219.png,pool,0.390625,0.3125,0.548828125,0.541015625,,,,,,,,,,,,,,,,,,,,,,,,,,,,,,,,,,,,,,
TRAIN,/content/pool/images/00153.png,pool,0.419921875,0.41015625,0.5703125,0.533203125,,,0.0234375,0.517578125,0.072265625,0.58203125,,,,,,,,,,,,,,,,,,,,,,,,,,,,,,,,
TRAIN,/content/pool/images/00190.png,pool,0.388671875,0.4140625,0.630859375,0.5546875,,,,,,,,,,,,,,,,,,,,,,,,,,,,,,,,,,,,,,
TRAIN,/content/pool/images/00180.png,pool,0.158203125,0.49609375,0.255859375,0.60546875,,,0.419921875,0.37890625,0.5703125,0.537109375,,,0.162109375,0.763671875,0.236328125,0.837890625,,,,,,,,,,,,,,,,,,,,,,,,,,
TRAIN,/content/pool/images/00194.png,pool,0.404296875,0.357421875,0.578125,0.5859375,,,0.86328125,0.30859375,0.9453125,0.380859375,,,,,,,,,,,,,,,,,,,,,,,,,,,,,,,,
TRAIN,/content/pool/images/00143.png,pool,0.408203125,0.3984375,0.576171875,0.5546875,,,,,,,,,,,,,,,,,,,,,,,,,,,,,,,,,,,,,,
TRAIN,/content/pool/images/00157.png,pool,0.412109375,0.470703125,0.529296875,0.66015625,,,,,,,,,,,,,,,,,,,,,,,,,,,,,,,,,,,,,,
TRAIN,/content/pool/images/00235.png,pool,0.396484375,0.400390625,0.63671875,0.5625,,,,,,,,,,,,,,,,,,,,,,,,,,,,,,,,,,,,,,
TRAIN,/content/pool/images/00221.png,pool,0.47265625,0.330078125,0.603515625,0.5703125,,,,,,,,,,,,,,,,,,,,,,,,,,,,,,,,,,,,,,
TRAIN,/content/pool/images/00209.png,pool,0.388671875,0.400390625,0.623046875,0.53515625,,,0.798828125,0.744140625,0.951171875,0.927734375,,,,,,,,,,,,,,,,,,,,,,,,,,,,,,,,
TRAIN,/content/pool/images/00037.png,pool,0.42578125,0.42578125,0.5546875,0.513671875,,,0.109375,0.2109375,0.173828125,0.26953125,,,0.583984375,0.720703125,0.71484375,0.8125,,,0.498046875,0.10546875,0.595703125,0.22265625,,,0.890625,0.3671875,1.0,0.462890625,,,,,,,,,,,,,,
TRAIN,/content/pool/images/00023.png,pool,0.42578125,0.380859375,0.583984375,0.576171875,,,,,,,,,,,,,,,,,,,,,,,,,,,,,,,,,,,,,,
TRAIN,/content/pool/images/00036.png,pool,0.3828125,0.3984375,0.609375,0.548828125,,,,,,,,,,,,,,,,,,,,,,,,,,,,,,,,,,,,,,
TRAIN,/content/pool/images/00208.png,pool,0.47265625,0.41796875,0.5234375,0.53125,,,0.8359375,0.345703125,0.939453125,0.515625,,,,,,,,,,,,,,,,,,,,,,,,,,,,,,,,
TRAIN,/content/pool/images/00220.png,pool,0.412109375,0.443359375,0.56640625,0.529296875,,,0.068359375,0.8359375,0.205078125,1.0,,,0.142578125,0.00390625,0.232421875,0.033203125,,,,,,,,,,,,,,,,,,,,,,,,,,
TRAIN,/content/pool/images/00142.png,pool,0.41015625,0.380859375,0.58203125,0.5546875,,,0.7265625,0.640625,0.9140625,0.83984375,,,,,,,,,,,,,,,,,,,,,,,,,,,,,,,,
TRAIN,/content/pool/images/00195.png,pool,0.4140625,0.42578125,0.568359375,0.546875,,,0.75390625,0.25,0.90234375,0.373046875,,,,,,,,,,,,,,,,,,,,,,,,,,,,,,,,
TRAIN,/content/pool/images/00181.png,pool,0.359375,0.39453125,0.623046875,0.546875,,,0.681640625,0.001953125,0.806640625,0.05078125,,,,,,,,,,,,,,,,,,,,,,,,,,,,,,,,
TRAIN,/content/pool/images/00197.png,pool,0.39453125,0.34765625,0.6171875,0.556640625,,,,,,,,,,,,,,,,,,,,,,,,,,,,,,,,,,,,,,
TRAIN,/content/pool/images/00154.png,pool,0.681640625,0.376953125,0.7421875,0.439453125,,,0.916015625,0.259765625,1.0,0.359375,,,0.205078125,0.8359375,0.5,0.990234375,,,,,,,,,,,,,,,,,,,,,,,,,,
TRAIN,/content/pool/images/00140.png,pool,0.412109375,0.390625,0.625,0.591796875,,,,,,,,,,,,,,,,,,,,,,,,,,,,,,,,,,,,,,
TRAIN,/content/pool/images/00168.png,pool,0.5,0.205078125,0.666015625,0.455078125,,,,,,,,,,,,,,,,,,,,,,,,,,,,,,,,,,,,,,
TRAIN,/content/pool/images/00222.png,pool,0.40234375,0.38671875,0.6015625,0.56640625,,,,,,,,,,,,,,,,,,,,,,,,,,,,,,,,,,,,,,
TRAIN,/content/pool/images/00236.png,pool,0.396484375,0.41015625,0.609375,0.53515625,,,,,,,,,,,,,,,,,,,,,,,,,,,,,,,,,,,,,,
TRAIN,/content/pool/images/00020.png,pool,0.408203125,0.412109375,0.56640625,0.529296875,,,,,,,,,,,,,,,,,,,,,,,,,,,,,,,,,,,,,,
TRAIN,/content/pool/images/00009.png,pool,0.44140625,0.435546875,0.5546875,0.5078125,,,,,,,,,,,,,,,,,,,,,,,,,,,,,,,,,,,,,,
TRAIN,/content/pool/images/00035.png,pool,0.408203125,0.384765625,0.611328125,0.5625,,,,,,,,,,,,,,,,,,,,,,,,,,,,,,,,,,,,,,
TRAIN,/content/pool/images/00021.png,pool,0.40625,0.33984375,0.611328125,0.603515625,,,,,,,,,,,,,,,,,,,,,,,,,,,,,,,,,,,,,,
TRAIN,/content/pool/images/00237.png,pool,0.240234375,0.322265625,0.36328125,0.423828125,,,0.439453125,0.3984375,0.580078125,0.548828125,,,,,,,,,,,,,,,,,,,,,,,,,,,,,,,,
TRAIN,/content/pool/images/00223.png,pool,0.41796875,0.390625,0.61328125,0.580078125,,,,,,,,,,,,,,,,,,,,,,,,,,,,,,,,,,,,,,
TRAIN,/content/pool/images/00169.png,pool,0.44921875,0.365234375,0.564453125,0.552734375,,,0.8125,0.705078125,0.96875,0.833984375,,,0.20703125,0.001953125,0.361328125,0.107421875,,,,,,,,,,,,,,,,,,,,,,,,,,
TRAIN,/content/pool/images/00182.png,pool,0.001953125,0.283203125,0.080078125,0.44921875,,,0.40625,0.392578125,0.623046875,0.560546875,,,,,,,,,,,,,,,,,,,,,,,,,,,,,,,,
TRAIN,/content/pool/images/00164.png,pool,0.412109375,0.400390625,0.58984375,0.541015625,,,,,,,,,,,,,,,,,,,,,,,,,,,,,,,,,,,,,,
TRAIN,/content/pool/images/00206.png,pool,0.021484375,0.37109375,0.078125,0.4296875,,,0.13671875,0.21875,0.177734375,0.263671875,,,0.357421875,0.3671875,0.611328125,0.587890625,,,,,,,,,,,,,,,,,,,,,,,,,,
TRAIN,/content/pool/images/00212.png,pool,0.3828125,0.390625,0.603515625,0.53515625,,,,,,,,,,,,,,,,,,,,,,,,,,,,,,,,,,,,,,
TRAIN,/content/pool/images/00004.png,pool,0.39453125,0.361328125,0.607421875,0.564453125,,,,,,,,,,,,,,,,,,,,,,,,,,,,,,,,,,,,,,
TRAIN,/content/pool/images/00011.png,pool,0.21875,0.30859375,0.361328125,0.490234375,,,0.435546875,0.40625,0.56640625,0.572265625,,,,,,,,,,,,,,,,,,,,,,,,,,,,,,,,
TRAIN,/content/pool/images/00005.png,pool,0.435546875,0.396484375,0.576171875,0.546875,,,0.6640625,0.587890625,0.82421875,0.720703125,,,,,,,,,,,,,,,,,,,,,,,,,,,,,,,,
TRAIN,/content/pool/images/00213.png,pool,0.388671875,0.376953125,0.611328125,0.5625,,,0.66796875,0.884765625,0.8359375,1.0,,,,,,,,,,,,,,,,,,,,,,,,,,,,,,,,
TRAIN,/content/pool/images/00207.png,pool,0.404296875,0.400390625,0.5859375,0.5546875,,,,,,,,,,,,,,,,,,,,,,,,,,,,,,,,,,,,,,
TRAIN,/content/pool/images/00165.png,pool,0.412109375,0.419921875,0.591796875,0.541015625,,,,,,,,,,,,,,,,,,,,,,,,,,,,,,,,,,,,,,
TRAIN,/content/pool/images/00171.png,pool,0.41796875,0.390625,0.58203125,0.564453125,,,,,,,,,,,,,,,,,,,,,,,,,,,,,,,,,,,,,,
TRAIN,/content/pool/images/00159.png,pool,0.037109375,0.544921875,0.126953125,0.8203125,,,0.431640625,0.384765625,0.5234375,0.578125,,,,,,,,,,,,,,,,,,,,,,,,,,,,,,,,
TRAIN,/content/pool/images/00198.png,pool,0.369140625,0.3984375,0.607421875,0.517578125,,,,,,,,,,,,,,,,,,,,,,,,,,,,,,,,,,,,,,
TRAIN,/content/pool/images/00167.png,pool,0.388671875,0.326171875,0.521484375,0.533203125,,,,,,,,,,,,,,,,,,,,,,,,,,,,,,,,,,,,,,
TRAIN,/content/pool/images/00173.png,pool,0.27734375,0.138671875,0.44140625,0.24609375,,,0.4453125,0.396484375,0.55859375,0.556640625,,,0.44140625,0.703125,0.572265625,0.87890625,,,0.064453125,0.64453125,0.28515625,0.72265625,,,0.759765625,0.9375,0.818359375,0.98828125,,,0.685546875,0.357421875,0.787109375,0.41015625,,,0.5390625,0.953125,0.634765625,1.0,,
TRAIN,/content/pool/images/00205.png,pool,0.427734375,0.431640625,0.626953125,0.5234375,,,,,,,,,,,,,,,,,,,,,,,,,,,,,,,,,,,,,,
TRAIN,/content/pool/images/00006.png,pool,0.443359375,0.396484375,0.55859375,0.54296875,,,,,,,,,,,,,,,,,,,,,,,,,,,,,,,,,,,,,,
TRAIN,/content/pool/images/00012.png,pool,0.42578125,0.3671875,0.5859375,0.5703125,,,,,,,,,,,,,,,,,,,,,,,,,,,,,,,,,,,,,,
TRAIN,/content/pool/images/00210.png,pool,0.4453125,0.326171875,0.591796875,0.548828125,,,,,,,,,,,,,,,,,,,,,,,,,,,,,,,,,,,,,,
TRAIN,/content/pool/images/00238.png,pool,0.416015625,0.412109375,0.630859375,0.556640625,,,0.865234375,0.365234375,1.0,0.4453125,,,,,,,,,,,,,,,,,,,,,,,,,,,,,,,,
TRAIN,/content/pool/images/00199.png,pool,0.291015625,0.673828125,0.498046875,0.828125,,,0.416015625,0.40625,0.603515625,0.564453125,,,0.712890625,0.248046875,0.939453125,0.419921875,,,,,,,,,,,,,,,,,,,,,,,,,,
TRAIN,/content/pool/images/00189.png,pool,0.3828125,0.416015625,0.55859375,0.513671875,,,,,,,,,,,,,,,,,,,,,,,,,,,,,,,,,,,,,,
TRAIN,/content/pool/images/00214.png,pool,0.27734375,0.455078125,0.404296875,0.54296875,,,0.43359375,0.44140625,0.53125,0.513671875,,,0.625,0.806640625,0.6953125,0.91796875,,,,,,,,,,,,,,,,,,,,,,,,,,
TRAIN,/content/pool/images/00228.png,pool,0.400390625,0.40625,0.611328125,0.548828125,,,0.40234375,0.556640625,0.556640625,0.69140625,,,,,,,,,,,,,,,,,,,,,,,,,,,,,,,,
TRAIN,/content/pool/images/00016.png,pool,0.419921875,0.3984375,0.552734375,0.53515625,,,0.3359375,0.7265625,0.466796875,0.84765625,,,0.46875,0.62109375,0.5546875,0.703125,,,,,,,,,,,,,,,,,,,,,,,,,,
TRAIN,/content/pool/images/00002.png,pool,0.42578125,0.3984375,0.583984375,0.556640625,,,0.6875,0.232421875,0.8828125,0.435546875,,,,,,,,,,,,,,,,,,,,,,,,,,,,,,,,
TRAIN,/content/pool/images/00003.png,pool,0.416015625,0.3125,0.642578125,0.51171875,,,0.884765625,0.00390625,1.0,0.1953125,,,,,,,,,,,,,,,,,,,,,,,,,,,,,,,,
TRAIN,/content/pool/images/00177.png,pool,0.40234375,0.421875,0.6015625,0.537109375,,,,,,,,,,,,,,,,,,,,,,,,,,,,,,,,,,,,,,
TRAIN,/content/pool/images/00163.png,pool,0.412109375,0.375,0.603515625,0.515625,,,,,,,,,,,,,,,,,,,,,,,,,,,,,,,,,,,,,,
TRAIN,/content/pool/images/00188.png,pool,0.421875,0.3671875,0.6171875,0.578125,,,,,,,,,,,,,,,,,,,,,,,,,,,,,,,,,,,,,,
TRAIN,/content/pool/images/00161.png,pool,0.419921875,0.40234375,0.625,0.58203125,,,,,,,,,,,,,,,,,,,,,,,,,,,,,,,,,,,,,,
TRAIN,/content/pool/images/00203.png,pool,0.40625,0.33203125,0.603515625,0.619140625,,,,,,,,,,,,,,,,,,,,,,,,,,,,,,,,,,,,,,
TRAIN,/content/pool/images/00217.png,pool,0.41796875,0.40234375,0.591796875,0.564453125,,,0.564453125,0.76171875,0.765625,0.97265625,,,,,,,,,,,,,,,,,,,,,,,,,,,,,,,,
TRAIN,/content/pool/images/00015.png,pool,0.40234375,0.3671875,0.587890625,0.58203125,,,,,,,,,,,,,,,,,,,,,,,,,,,,,,,,,,,,,,
TRAIN,/content/pool/images/00028.png,pool,0.416015625,0.375,0.58984375,0.546875,,,,,,,,,,,,,,,,,,,,,,,,,,,,,,,,,,,,,,
TRAIN,/content/pool/images/00014.png,pool,0.40625,0.392578125,0.513671875,0.521484375,,,0.55859375,0.515625,0.697265625,0.6796875,,,,,,,,,,,,,,,,,,,,,,,,,,,,,,,,
TRAIN,/content/pool/images/00216.png,pool,0.421875,0.41015625,0.576171875,0.5078125,,,0.5625,0.83984375,0.73046875,0.947265625,,,,,,,,,,,,,,,,,,,,,,,,,,,,,,,,
TRAIN,/content/pool/images/00202.png,pool,0.447265625,0.427734375,0.53515625,0.50390625,,,,,,,,,,,,,,,,,,,,,,,,,,,,,,,,,,,,,,
TRAIN,/content/pool/images/00148.png,pool,0.44140625,0.3984375,0.568359375,0.541015625,,,,,,,,,,,,,,,,,,,,,,,,,,,,,,,,,,,,,,
TRAIN,/content/pool/images/00160.png,pool,0.451171875,0.384765625,0.552734375,0.55859375,,,0.86328125,0.7578125,1.0,0.880859375,,,,,,,,,,,,,,,,,,,,,,,,,,,,,,,,
TRAIN,/content/pool/images/00174.png,pool,0.38671875,0.373046875,0.607421875,0.54296875,,,,,,,,,,,,,,,,,,,,,,,,,,,,,,,,,,,,,,
TRAIN,/content/pool/images/00113.png,pool,0.41796875,0.373046875,0.58203125,0.55859375,,,0.669921875,0.865234375,0.8125,1.0,,,,,,,,,,,,,,,,,,,,,,,,,,,,,,,,
TRAIN,/content/pool/images/00107.png,pool,0.396484375,0.373046875,0.607421875,0.564453125,,,,,,,,,,,,,,,,,,,,,,,,,,,,,,,,,,,,,,
TRAIN,/content/pool/images/00259.png,pool,0.408203125,0.4453125,0.5546875,0.55078125,,,,,,,,,,,,,,,,,,,,,,,,,,,,,,,,,,,,,,
TRAIN,/content/pool/images/00271.png,pool,0.384765625,0.39453125,0.58984375,0.548828125,,,,,,,,,,,,,,,,,,,,,,,,,,,,,,,,,,,,,,
TRAIN,/content/pool/images/00098.png,pool,0.435546875,0.4296875,0.58984375,0.513671875,,,0.736328125,0.9609375,0.837890625,1.0,,,,,,,,,,,,,,,,,,,,,,,,,,,,,,,,
TRAIN,/content/pool/images/00066.png,pool,0.36328125,0.41796875,0.57421875,0.625,,,,,,,,,,,,,,,,,,,,,,,,,,,,,,,,,,,,,,
TRAIN,/content/pool/images/00099.png,pool,0.44921875,0.435546875,0.552734375,0.5078125,,,0.140625,0.015625,0.26171875,0.095703125,,,,,,,,,,,,,,,,,,,,,,,,,,,,,,,,
TRAIN,/content/pool/images/00264.png,pool,0.4453125,0.396484375,0.55859375,0.580078125,,,,,,,,,,,,,,,,,,,,,,,,,,,,,,,,,,,,,,
TRAIN,/content/pool/images/00258.png,pool,0.4453125,0.458984375,0.560546875,0.513671875,,,0.654296875,0.5703125,0.71484375,0.6328125,,,0.90234375,0.134765625,1.0,0.232421875,,,0.767578125,0.00390625,0.919921875,0.080078125,,,,,,,,,,,,,,,,,,,,
TRAIN,/content/pool/images/00106.png,pool,0.439453125,0.3984375,0.564453125,0.5234375,,,,,,,,,,,,,,,,,,,,,,,,,,,,,,,,,,,,,,
TRAIN,/content/pool/images/00112.png,pool,0.388671875,0.396484375,0.63671875,0.56640625,,,0.001953125,0.083984375,0.142578125,0.173828125,,,0.748046875,0.654296875,0.939453125,0.7890625,,,,,,,,,,,,,,,,,,,,,,,,,,
TRAIN,/content/pool/images/00138.png,pool,0.41796875,0.392578125,0.54296875,0.54296875,,,0.673828125,0.001953125,0.748046875,0.109375,,,0.78515625,0.88671875,0.935546875,1.0,,,,,,,,,,,,,,,,,,,,,,,,,,
TRAIN,/content/pool/images/00104.png,pool,0.427734375,0.40234375,0.568359375,0.51953125,,,,,,,,,,,,,,,,,,,,,,,,,,,,,,,,,,,,,,
TRAIN,/content/pool/images/00110.png,pool,0.080078125,0.3203125,0.2265625,0.5625,,,0.3828125,0.380859375,0.62890625,0.541015625,,,0.6953125,0.611328125,0.85546875,0.8515625,,,,,,,,,,,,,,,,,,,,,,,,,,
TRAIN,/content/pool/images/00299.png,pool,0.41796875,0.353515625,0.587890625,0.591796875,,,,,,,,,,,,,,,,,,,,,,,,,,,,,,,,,,,,,,
TRAIN,/content/pool/images/00272.png,pool,0.439453125,0.40625,0.537109375,0.5546875,,,0.001953125,0.234375,0.072265625,0.294921875,,,,,,,,,,,,,,,,,,,,,,,,,,,,,,,,
TRAIN,/content/pool/images/00266.png,pool,0.427734375,0.376953125,0.578125,0.546875,,,0.044921875,0.853515625,0.189453125,1.0,,,,,,,,,,,,,,,,,,,,,,,,,,,,,,,,
TRAIN,/content/pool/images/00058.png,pool,0.291015625,0.298828125,0.73046875,0.681640625,,,,,,,,,,,,,,,,,,,,,,,,,,,,,,,,,,,,,,
TRAIN,/content/pool/images/00070.png,pool,0.310546875,0.220703125,0.375,0.328125,,,0.4296875,0.416015625,0.521484375,0.52734375,,,0.3671875,0.712890625,0.455078125,0.80078125,,,0.740234375,0.07421875,0.810546875,0.14453125,,,,,,,,,,,,,,,,,,,,
TRAIN,/content/pool/images/00071.png,pool,0.333984375,0.076171875,0.376953125,0.115234375,,,0.791015625,0.80859375,0.861328125,0.923828125,,,,,,,,,,,,,,,,,,,,,,,,,,,,,,,,
TRAIN,/content/pool/images/00059.png,pool,0.4453125,0.41015625,0.595703125,0.52734375,,,,,,,,,,,,,,,,,,,,,,,,,,,,,,,,,,,,,,
TRAIN,/content/pool/images/00273.png,pool,0.4296875,0.36328125,0.560546875,0.5859375,,,0.86328125,0.54296875,0.982421875,0.76171875,,,0.001953125,0.6328125,0.0546875,0.833984375,,,,,,,,,,,,,,,,,,,,,,,,,,
TRAIN,/content/pool/images/00298.png,pool,0.421875,0.3828125,0.5703125,0.56640625,,,0.15234375,0.341796875,0.302734375,0.541015625,,,,,,,,,,,,,,,,,,,,,,,,,,,,,,,,
TRAIN,/content/pool/images/00111.png,pool,0.427734375,0.41015625,0.576171875,0.54296875,,,,,,,,,,,,,,,,,,,,,,,,,,,,,,,,,,,,,,
TRAIN,/content/pool/images/00139.png,pool,0.048828125,0.65625,0.291015625,0.80859375,,,0.419921875,0.400390625,0.6015625,0.517578125,,,,,,,,,,,,,,,,,,,,,,,,,,,,,,,,
TRAIN,/content/pool/images/00101.png,pool,0.44140625,0.369140625,0.58984375,0.580078125,,,0.634765625,0.509765625,0.779296875,0.689453125,,,,,,,,,,,,,,,,,,,,,,,,,,,,,,,,
TRAIN,/content/pool/images/00115.png,pool,0.42578125,0.416015625,0.580078125,0.541015625,,,,,,,,,,,,,,,,,,,,,,,,,,,,,,,,,,,,,,
TRAIN,/content/pool/images/00277.png,pool,0.416015625,0.376953125,0.5859375,0.56640625,,,,,,,,,,,,,,,,,,,,,,,,,,,,,,,,,,,,,,
TRAIN,/content/pool/images/00263.png,pool,0.388671875,0.41796875,0.580078125,0.5078125,,,,,,,,,,,,,,,,,,,,,,,,,,,,,,,,,,,,,,
TRAIN,/content/pool/images/00061.png,pool,0.00390625,0.77734375,0.16796875,0.896484375,,,0.431640625,0.38671875,0.568359375,0.546875,,,0.818359375,0.224609375,0.96484375,0.384765625,,,,,,,,,,,,,,,,,,,,,,,,,,
TRAIN,/content/pool/images/00049.png,pool,0.4609375,0.404296875,0.5390625,0.552734375,,,0.693359375,0.400390625,0.783203125,0.443359375,,,0.005859375,0.001953125,0.201171875,0.076171875,,,,,,,,,,,,,,,,,,,,,,,,,,
TRAIN,/content/pool/images/00074.png,pool,0.42578125,0.41015625,0.587890625,0.572265625,,,,,,,,,,,,,,,,,,,,,,,,,,,,,,,,,,,,,,
TRAIN,/content/pool/images/00276.png,pool,0.39453125,0.39453125,0.58203125,0.537109375,,,,,,,,,,,,,,,,,,,,,,,,,,,,,,,,,,,,,,
TRAIN,/content/pool/images/00289.png,pool,0.42578125,0.384765625,0.595703125,0.580078125,,,,,,,,,,,,,,,,,,,,,,,,,,,,,,,,,,,,,,
TRAIN,/content/pool/images/00128.png,pool,0.376953125,0.412109375,0.57421875,0.548828125,,,,,,,,,,,,,,,,,,,,,,,,,,,,,,,,,,,,,,
TRAIN,/content/pool/images/00100.png,pool,0.416015625,0.3984375,0.599609375,0.576171875,,,,,,,,,,,,,,,,,,,,,,,,,,,,,,,,,,,,,,
TRAIN,/content/pool/images/00116.png,pool,0.431640625,0.40234375,0.58203125,0.546875,,,0.013671875,0.015625,0.146484375,0.18359375,,,,,,,,,,,,,,,,,,,,,,,,,,,,,,,,
TRAIN,/content/pool/images/00102.png,pool,0.412109375,0.388671875,0.578125,0.572265625,,,,,,,,,,,,,,,,,,,,,,,,,,,,,,,,,,,,,,
TRAIN,/content/pool/images/00300.png,pool,0.169921875,0.37890625,0.2734375,0.537109375,,,0.4453125,0.42578125,0.55859375,0.521484375,,,,,,,,,,,,,,,,,,,,,,,,,,,,,,,,
TRAIN,/content/pool/images/00274.png,pool,0.404296875,0.353515625,0.583984375,0.56640625,,,,,,,,,,,,,,,,,,,,,,,,,,,,,,,,,,,,,,
TRAIN,/content/pool/images/00248.png,pool,0.38671875,0.419921875,0.583984375,0.54296875,,,0.564453125,0.1015625,0.705078125,0.2421875,,,,,,,,,,,,,,,,,,,,,,,,,,,,,,,,
TRAIN,/content/pool/images/00062.png,pool,0.4453125,0.359375,0.5546875,0.5625,,,,,,,,,,,,,,,,,,,,,,,,,,,,,,,,,,,,,,
TRAIN,/content/pool/images/00076.png,pool,0.423828125,0.3984375,0.603515625,0.57421875,,,,,,,,,,,,,,,,,,,,,,,,,,,,,,,,,,,,,,
TRAIN,/content/pool/images/00077.png,pool,0.416015625,0.41796875,0.572265625,0.583984375,,,0.451171875,0.8984375,0.615234375,1.0,,,,,,,,,,,,,,,,,,,,,,,,,,,,,,,,
TRAIN,/content/pool/images/00063.png,pool,0.44140625,0.38671875,0.58203125,0.521484375,,,,,,,,,,,,,,,,,,,,,,,,,,,,,,,,,,,,,,
TRAIN,/content/pool/images/00088.png,pool,0.326171875,0.1640625,0.470703125,0.359375,,,,,,,,,,,,,,,,,,,,,,,,,,,,,,,,,,,,,,
TRAIN,/content/pool/images/00103.png,pool,0.408203125,0.4296875,0.57421875,0.53125,,,,,,,,,,,,,,,,,,,,,,,,,,,,,,,,,,,,,,
TRAIN,/content/pool/images/00117.png,pool,0.455078125,0.365234375,0.583984375,0.51171875,,,,,,,,,,,,,,,,,,,,,,,,,,,,,,,,,,,,,,
VALIDATION,/content/pool/images/00090.png,pool,0.458984375,0.41015625,0.541015625,0.53515625,,,,,,,,,,,,,,,,,,,,,,,,,,,,,,,,,,,,,,
VALIDATION,/content/pool/images/00286.png,pool,0.41015625,0.390625,0.58203125,0.552734375,,,,,,,,,,,,,,,,,,,,,,,,,,,,,,,,,,,,,,
VALIDATION,/content/pool/images/00124.png,pool,0.001953125,0.20703125,0.087890625,0.29296875,,,0.359375,0.181640625,0.439453125,0.2578125,,,0.4765625,0.01953125,0.654296875,0.14453125,,,0.453125,0.41015625,0.564453125,0.53125,,,,,,,,,,,,,,,,,,,,
VALIDATION,/content/pool/images/00243.png,pool,0.431640625,0.400390625,0.568359375,0.560546875,,,,,,,,,,,,,,,,,,,,,,,,,,,,,,,,,,,,,,
VALIDATION,/content/pool/images/00109.png,pool,0.501953125,0.4375,0.6640625,0.556640625,,,,,,,,,,,,,,,,,,,,,,,,,,,,,,,,,,,,,,
VALIDATION,/content/pool/images/00135.png,pool,0.08203125,0.576171875,0.224609375,0.744140625,,,0.40625,0.357421875,0.587890625,0.5625,,,,,,,,,,,,,,,,,,,,,,,,,,,,,,,,
VALIDATION,/content/pool/images/00282.png,pool,0.443359375,0.419921875,0.576171875,0.5546875,,,,,,,,,,,,,,,,,,,,,,,,,,,,,,,,,,,,,,
VALIDATION,/content/pool/images/00296.png,pool,0.435546875,0.41796875,0.607421875,0.5234375,,,,,,,,,,,,,,,,,,,,,,,,,,,,,,,,,,,,,,
VALIDATION,/content/pool/images/00081.png,pool,0.421875,0.416015625,0.552734375,0.529296875,,,0.689453125,0.189453125,0.78125,0.28125,,,0.31640625,0.0078125,0.431640625,0.07421875,,,,,,,,,,,,,,,,,,,,,,,,,,
VALIDATION,/content/pool/images/00230.png,pool,0.431640625,0.353515625,0.58984375,0.580078125,,,0.58984375,0.064453125,0.66015625,0.166015625,,,,,,,,,,,,,,,,,,,,,,,,,,,,,,,,
VALIDATION,/content/pool/images/00034.png,pool,0.44140625,0.388671875,0.58203125,0.572265625,,,0.6953125,0.02734375,0.734375,0.06640625,,,,,,,,,,,,,,,,,,,,,,,,,,,,,,,,
VALIDATION,/content/pool/images/00141.png,pool,0.376953125,0.423828125,0.54296875,0.537109375,,,0.408203125,0.005859375,0.560546875,0.033203125,,,,,,,,,,,,,,,,,,,,,,,,,,,,,,,,
VALIDATION,/content/pool/images/00196.png,pool,0.408203125,0.275390625,0.609375,0.470703125,,,,,,,,,,,,,,,,,,,,,,,,,,,,,,,,,,,,,,
VALIDATION,/content/pool/images/00158.png,pool,0.435546875,0.373046875,0.572265625,0.58203125,,,0.197265625,0.619140625,0.255859375,0.677734375,,,0.001953125,0.00390625,0.08984375,0.125,,,,,,,,,,,,,,,,,,,,,,,,,,
VALIDATION,/content/pool/images/00211.png,pool,0.419921875,0.419921875,0.57421875,0.5234375,,,,,,,,,,,,,,,,,,,,,,,,,,,,,,,,,,,,,,
VALIDATION,/content/pool/images/00204.png,pool,0.451171875,0.34765625,0.626953125,0.5625,,,0.75,0.00390625,0.86328125,0.080078125,,,,,,,,,,,,,,,,,,,,,,,,,,,,,,,,
VALIDATION,/content/pool/images/00162.png,pool,0.001953125,0.283203125,0.064453125,0.44921875,,,0.451171875,0.400390625,0.55078125,0.544921875,,,,,,,,,,,,,,,,,,,,,,,,,,,,,,,,
VALIDATION,/content/pool/images/00201.png,pool,0.447265625,0.3671875,0.552734375,0.568359375,,,,,,,,,,,,,,,,,,,,,,,,,,,,,,,,,,,,,,
VALIDATION,/content/pool/images/00215.png,pool,0.001953125,0.1875,0.115234375,0.35546875,,,0.39453125,0.3828125,0.6015625,0.556640625,,,,,,,,,,,,,,,,,,,,,,,,,,,,,,,,
VALIDATION,/content/pool/images/00029.png,pool,0.345703125,0.048828125,0.486328125,0.22265625,,,0.427734375,0.376953125,0.59375,0.576171875,,,,,,,,,,,,,,,,,,,,,,,,,,,,,,,,
VALIDATION,/content/pool/images/00265.png,pool,0.419921875,0.357421875,0.5625,0.60546875,,,,,,,,,,,,,,,,,,,,,,,,,,,,,,,,,,,,,,
VALIDATION,/content/pool/images/00067.png,pool,0.421875,0.419921875,0.548828125,0.556640625,,,,,,,,,,,,,,,,,,,,,,,,,,,,,,,,,,,,,,
VALIDATION,/content/pool/images/00075.png,pool,0.205078125,0.572265625,0.32421875,0.666015625,,,0.435546875,0.4140625,0.564453125,0.5546875,,,0.728515625,0.001953125,0.830078125,0.060546875,,,,,,,,,,,,,,,,,,,,,,,,,,
VALIDATION,/content/pool/images/00114.png,pool,0.421875,0.37890625,0.580078125,0.57421875,,,0.140625,0.755859375,0.3046875,0.9296875,,,,,,,,,,,,,,,,,,,,,,,,,,,,,,,,
VALIDATION,/content/pool/images/00261.png,pool,0.447265625,0.421875,0.55078125,0.544921875,,,,,,,,,,,,,,,,,,,,,,,,,,,,,,,,,,,,,,
TEST,/content/pool/images/00287.png,pool,0.3828125,0.369140625,0.568359375,0.513671875,,,0.001953125,0.13671875,0.076171875,0.23828125,,,,,,,,,,,,,,,,,,,,,,,,,,,,,,,,
TEST,/content/pool/images/00251.png,pool,0.388671875,0.375,0.603515625,0.56640625,,,,,,,,,,,,,,,,,,,,,,,,,,,,,,,,,,,,,,
TEST,/content/pool/images/00131.png,pool,0.412109375,0.357421875,0.5859375,0.56640625,,,,,,,,,,,,,,,,,,,,,,,,,,,,,,,,,,,,,,
TEST,/content/pool/images/00045.png,pool,0.087890625,0.357421875,0.25,0.50390625,,,0.3828125,0.359375,0.611328125,0.578125,,,0.359375,0.6015625,0.443359375,0.671875,,,0.826171875,0.337890625,1.0,0.541015625,,,,,,,,,,,,,,,,,,,,
TEST,/content/pool/images/00087.png,pool,0.42578125,0.421875,0.587890625,0.50390625,,,,,,,,,,,,,,,,,,,,,,,,,,,,,,,,,,,,,,
TEST,/content/pool/images/00083.png,pool,0.41015625,0.396484375,0.591796875,0.53125,,,0.662109375,0.76171875,0.798828125,0.943359375,,,,,,,,,,,,,,,,,,,,,,,,,,,,,,,,
TEST,/content/pool/images/00054.png,pool,0.3984375,0.408203125,0.62109375,0.529296875,,,,,,,,,,,,,,,,,,,,,,,,,,,,,,,,,,,,,,
TEST,/content/pool/images/00068.png,pool,0.39453125,0.384765625,0.60546875,0.5625,,,,,,,,,,,,,,,,,,,,,,,,,,,,,,,,,,,,,,
TEST,/content/pool/images/00069.png,pool,0.431640625,0.423828125,0.578125,0.548828125,,,,,,,,,,,,,,,,,,,,,,,,,,,,,,,,,,,,,,
TEST,/content/pool/images/00232.png,pool,0.408203125,0.361328125,0.568359375,0.572265625,,,,,,,,,,,,,,,,,,,,,,,,,,,,,,,,,,,,,,
TEST,/content/pool/images/00193.png,pool,0.427734375,0.41796875,0.5859375,0.626953125,,,,,,,,,,,,,,,,,,,,,,,,,,,,,,,,,,,,,,
TEST,/content/pool/images/00191.png,pool,0.396484375,0.404296875,0.607421875,0.55078125,,,0.88671875,0.34375,1.0,0.50390625,,,0.583984375,0.001953125,0.765625,0.158203125,,,,,,,,,,,,,,,,,,,,,,,,,,
TEST,/content/pool/images/00218.png,pool,0.384765625,0.36328125,0.646484375,0.5703125,,,,,,,,,,,,,,,,,,,,,,,,,,,,,,,,,,,,,,
TEST,/content/pool/images/00231.png,pool,0.357421875,0.435546875,0.48046875,0.517578125,,,,,,,,,,,,,,,,,,,,,,,,,,,,,,,,,,,,,,
TEST,/content/pool/images/00234.png,pool,0.359375,0.390625,0.58203125,0.619140625,,,,,,,,,,,,,,,,,,,,,,,,,,,,,,,,,,,,,,
TEST,/content/pool/images/00183.png,pool,0.1015625,0.130859375,0.2578125,0.287109375,,,0.41796875,0.431640625,0.572265625,0.51953125,,,0.544921875,0.060546875,0.68359375,0.236328125,,,0.708984375,0.13671875,0.82421875,0.283203125,,,,,,,,,,,,,,,,,,,,
TEST,/content/pool/images/00039.png,pool,0.408203125,0.41015625,0.583984375,0.5390625,,,,,,,,,,,,,,,,,,,,,,,,,,,,,,,,,,,,,,
TEST,/content/pool/images/00239.png,pool,0.447265625,0.396484375,0.591796875,0.51171875,,,,,,,,,,,,,,,,,,,,,,,,,,,,,,,,,,,,,,
TEST,/content/pool/images/00172.png,pool,0.396484375,0.380859375,0.609375,0.57421875,,,0.517578125,0.89453125,0.73046875,1.0,,,0.923828125,0.693359375,1.0,0.84375,,,,,,,,,,,,,,,,,,,,,,,,,,
TEST,/content/pool/images/00149.png,pool,0.388671875,0.40234375,0.595703125,0.55078125,,,,,,,,,,,,,,,,,,,,,,,,,,,,,,,,,,,,,,
TEST,/content/pool/images/00073.png,pool,0.4296875,0.35546875,0.5703125,0.59375,,,,,,,,,,,,,,,,,,,,,,,,,,,,,,,,,,,,,,
TEST,/content/pool/images/00064.png,pool,0.19921875,0.255859375,0.349609375,0.42578125,,,0.2578125,0.58203125,0.328125,0.654296875,,,0.423828125,0.390625,0.54296875,0.57421875,,,0.818359375,0.720703125,0.90625,0.81640625,,,,,,,,,,,,,,,,,,,,
TEST,/content/pool/images/00267.png,pool,0.283203125,0.564453125,0.365234375,0.646484375,,,0.380859375,0.802734375,0.48828125,0.919921875,,,0.400390625,0.408203125,0.578125,0.53515625,,,0.583984375,0.208984375,0.677734375,0.3515625,,,0.642578125,0.041015625,0.75390625,0.169921875,,,,,,,,,,,,,,
TEST,/content/pool/images/00105.png,pool,0.4140625,0.376953125,0.583984375,0.556640625,,,,,,,,,,,,,,,,,,,,,,,,,,,,,,,,,,,,,,
TEST,/content/pool/images/00288.png,pool,0.412109375,0.380859375,0.578125,0.548828125,,,,,,,,,,,,,,,,,,,,,,,,,,,,,,,,,,,,,,
